{"n_blocks": 4, "start_filters": 32, "img_w": 128, "test_dice_weed": 0.3979616846521884, "test_dice_crop": 0.9160168617365267}